filename,object_location,image_small,image_thumb
ms0581b001f001i0001.jpg,/objects/ms0581b001f001i0001.jpg,/objects/small/ms0581b001f001i0001_sm.jpg,/objects/thumbs/ms0581b001f001i0001_th.jpg
ms0581b001f001i0002.jpg,/objects/ms0581b001f001i0002.jpg,/objects/small/ms0581b001f001i0002_sm.jpg,/objects/thumbs/ms0581b001f001i0002_th.jpg
ms0581b001f001i0003.jpg,/objects/ms0581b001f001i0003.jpg,/objects/small/ms0581b001f001i0003_sm.jpg,/objects/thumbs/ms0581b001f001i0003_th.jpg
ms0581b001f001i0004.jpg,/objects/ms0581b001f001i0004.jpg,/objects/small/ms0581b001f001i0004_sm.jpg,/objects/thumbs/ms0581b001f001i0004_th.jpg
ms0581b001f001i0005.jpg,/objects/ms0581b001f001i0005.jpg,/objects/small/ms0581b001f001i0005_sm.jpg,/objects/thumbs/ms0581b001f001i0005_th.jpg
ms0581b001f001i0006.jpg,/objects/ms0581b001f001i0006.jpg,/objects/small/ms0581b001f001i0006_sm.jpg,/objects/thumbs/ms0581b001f001i0006_th.jpg
ms0581b001f001i0007.jpg,/objects/ms0581b001f001i0007.jpg,/objects/small/ms0581b001f001i0007_sm.jpg,/objects/thumbs/ms0581b001f001i0007_th.jpg
ms0581b001f001i0008.jpg,/objects/ms0581b001f001i0008.jpg,/objects/small/ms0581b001f001i0008_sm.jpg,/objects/thumbs/ms0581b001f001i0008_th.jpg
ms0581b001f001i0009.jpg,/objects/ms0581b001f001i0009.jpg,/objects/small/ms0581b001f001i0009_sm.jpg,/objects/thumbs/ms0581b001f001i0009_th.jpg
ms0581b001f001i0010.jpg,/objects/ms0581b001f001i0010.jpg,/objects/small/ms0581b001f001i0010_sm.jpg,/objects/thumbs/ms0581b001f001i0010_th.jpg
ms0581b001f001i0011.jpg,/objects/ms0581b001f001i0011.jpg,/objects/small/ms0581b001f001i0011_sm.jpg,/objects/thumbs/ms0581b001f001i0011_th.jpg
ms0581b001f001i0012.jpg,/objects/ms0581b001f001i0012.jpg,/objects/small/ms0581b001f001i0012_sm.jpg,/objects/thumbs/ms0581b001f001i0012_th.jpg
ms0581b001f001i0013.jpg,/objects/ms0581b001f001i0013.jpg,/objects/small/ms0581b001f001i0013_sm.jpg,/objects/thumbs/ms0581b001f001i0013_th.jpg
ms0581b001f001i0014.jpg,/objects/ms0581b001f001i0014.jpg,/objects/small/ms0581b001f001i0014_sm.jpg,/objects/thumbs/ms0581b001f001i0014_th.jpg
ms0581b001f001i0015.jpg,/objects/ms0581b001f001i0015.jpg,/objects/small/ms0581b001f001i0015_sm.jpg,/objects/thumbs/ms0581b001f001i0015_th.jpg
ms0581b001f001i0016.jpg,/objects/ms0581b001f001i0016.jpg,/objects/small/ms0581b001f001i0016_sm.jpg,/objects/thumbs/ms0581b001f001i0016_th.jpg
ms0581b001f001i0017.jpg,/objects/ms0581b001f001i0017.jpg,/objects/small/ms0581b001f001i0017_sm.jpg,/objects/thumbs/ms0581b001f001i0017_th.jpg
ms0581b001f001i0018.jpg,/objects/ms0581b001f001i0018.jpg,/objects/small/ms0581b001f001i0018_sm.jpg,/objects/thumbs/ms0581b001f001i0018_th.jpg
ms0581b001f001i0019.jpg,/objects/ms0581b001f001i0019.jpg,/objects/small/ms0581b001f001i0019_sm.jpg,/objects/thumbs/ms0581b001f001i0019_th.jpg
ms0581b001f001i0020.jpg,/objects/ms0581b001f001i0020.jpg,/objects/small/ms0581b001f001i0020_sm.jpg,/objects/thumbs/ms0581b001f001i0020_th.jpg
ms0581b001f001i0021.jpg,/objects/ms0581b001f001i0021.jpg,/objects/small/ms0581b001f001i0021_sm.jpg,/objects/thumbs/ms0581b001f001i0021_th.jpg
ms0581b001f001i0022.jpg,/objects/ms0581b001f001i0022.jpg,/objects/small/ms0581b001f001i0022_sm.jpg,/objects/thumbs/ms0581b001f001i0022_th.jpg
ms0581b001f001i0023.jpg,/objects/ms0581b001f001i0023.jpg,/objects/small/ms0581b001f001i0023_sm.jpg,/objects/thumbs/ms0581b001f001i0023_th.jpg
ms0581b001f001i0024.jpg,/objects/ms0581b001f001i0024.jpg,/objects/small/ms0581b001f001i0024_sm.jpg,/objects/thumbs/ms0581b001f001i0024_th.jpg
ms0581b001f001i0025.jpg,/objects/ms0581b001f001i0025.jpg,/objects/small/ms0581b001f001i0025_sm.jpg,/objects/thumbs/ms0581b001f001i0025_th.jpg
ms0581b001f001i0026.jpg,/objects/ms0581b001f001i0026.jpg,/objects/small/ms0581b001f001i0026_sm.jpg,/objects/thumbs/ms0581b001f001i0026_th.jpg
ms0581b001f001i0027.jpg,/objects/ms0581b001f001i0027.jpg,/objects/small/ms0581b001f001i0027_sm.jpg,/objects/thumbs/ms0581b001f001i0027_th.jpg
ms0581b001f001i0028.jpg,/objects/ms0581b001f001i0028.jpg,/objects/small/ms0581b001f001i0028_sm.jpg,/objects/thumbs/ms0581b001f001i0028_th.jpg
ms0581b001f001i0029.jpg,/objects/ms0581b001f001i0029.jpg,/objects/small/ms0581b001f001i0029_sm.jpg,/objects/thumbs/ms0581b001f001i0029_th.jpg
ms0581b001f001i0030.jpg,/objects/ms0581b001f001i0030.jpg,/objects/small/ms0581b001f001i0030_sm.jpg,/objects/thumbs/ms0581b001f001i0030_th.jpg
ms0581b001f001i0031.jpg,/objects/ms0581b001f001i0031.jpg,/objects/small/ms0581b001f001i0031_sm.jpg,/objects/thumbs/ms0581b001f001i0031_th.jpg
ms0581b001f001i0032.jpg,/objects/ms0581b001f001i0032.jpg,/objects/small/ms0581b001f001i0032_sm.jpg,/objects/thumbs/ms0581b001f001i0032_th.jpg
ms0581b001f001i0033.jpg,/objects/ms0581b001f001i0033.jpg,/objects/small/ms0581b001f001i0033_sm.jpg,/objects/thumbs/ms0581b001f001i0033_th.jpg
ms0581b001f001i0034.jpg,/objects/ms0581b001f001i0034.jpg,/objects/small/ms0581b001f001i0034_sm.jpg,/objects/thumbs/ms0581b001f001i0034_th.jpg
ms0581b001f001i0035.jpg,/objects/ms0581b001f001i0035.jpg,/objects/small/ms0581b001f001i0035_sm.jpg,/objects/thumbs/ms0581b001f001i0035_th.jpg
ms0581b001f001i0036.jpg,/objects/ms0581b001f001i0036.jpg,/objects/small/ms0581b001f001i0036_sm.jpg,/objects/thumbs/ms0581b001f001i0036_th.jpg
ms0581b001f001i0037.jpg,/objects/ms0581b001f001i0037.jpg,/objects/small/ms0581b001f001i0037_sm.jpg,/objects/thumbs/ms0581b001f001i0037_th.jpg
ms0581b001f001i0038.jpg,/objects/ms0581b001f001i0038.jpg,/objects/small/ms0581b001f001i0038_sm.jpg,/objects/thumbs/ms0581b001f001i0038_th.jpg
ms0581b001f001i0039.jpg,/objects/ms0581b001f001i0039.jpg,/objects/small/ms0581b001f001i0039_sm.jpg,/objects/thumbs/ms0581b001f001i0039_th.jpg
ms0581b001f001i0040.jpg,/objects/ms0581b001f001i0040.jpg,/objects/small/ms0581b001f001i0040_sm.jpg,/objects/thumbs/ms0581b001f001i0040_th.jpg
ms0581b001f001i0041.jpg,/objects/ms0581b001f001i0041.jpg,/objects/small/ms0581b001f001i0041_sm.jpg,/objects/thumbs/ms0581b001f001i0041_th.jpg
ms0581b001f001i0042.jpg,/objects/ms0581b001f001i0042.jpg,/objects/small/ms0581b001f001i0042_sm.jpg,/objects/thumbs/ms0581b001f001i0042_th.jpg
ms0581b001f001i0043.jpg,/objects/ms0581b001f001i0043.jpg,/objects/small/ms0581b001f001i0043_sm.jpg,/objects/thumbs/ms0581b001f001i0043_th.jpg
ms0581b001f001i0044.jpg,/objects/ms0581b001f001i0044.jpg,/objects/small/ms0581b001f001i0044_sm.jpg,/objects/thumbs/ms0581b001f001i0044_th.jpg
ms0581b001f001i0045.jpg,/objects/ms0581b001f001i0045.jpg,/objects/small/ms0581b001f001i0045_sm.jpg,/objects/thumbs/ms0581b001f001i0045_th.jpg
ms0581b001f001i0046.jpg,/objects/ms0581b001f001i0046.jpg,/objects/small/ms0581b001f001i0046_sm.jpg,/objects/thumbs/ms0581b001f001i0046_th.jpg
ms0581b001f001i0047.jpg,/objects/ms0581b001f001i0047.jpg,/objects/small/ms0581b001f001i0047_sm.jpg,/objects/thumbs/ms0581b001f001i0047_th.jpg
ms0581b001f001i0048.jpg,/objects/ms0581b001f001i0048.jpg,/objects/small/ms0581b001f001i0048_sm.jpg,/objects/thumbs/ms0581b001f001i0048_th.jpg
ms0581b001f001i0049.jpg,/objects/ms0581b001f001i0049.jpg,/objects/small/ms0581b001f001i0049_sm.jpg,/objects/thumbs/ms0581b001f001i0049_th.jpg
ms0581b001f001i0050.jpg,/objects/ms0581b001f001i0050.jpg,/objects/small/ms0581b001f001i0050_sm.jpg,/objects/thumbs/ms0581b001f001i0050_th.jpg
ms0581b001f001i0051.jpg,/objects/ms0581b001f001i0051.jpg,/objects/small/ms0581b001f001i0051_sm.jpg,/objects/thumbs/ms0581b001f001i0051_th.jpg
ms0581b001f001i0052.jpg,/objects/ms0581b001f001i0052.jpg,/objects/small/ms0581b001f001i0052_sm.jpg,/objects/thumbs/ms0581b001f001i0052_th.jpg
ms0581b001f001i0053.jpg,/objects/ms0581b001f001i0053.jpg,/objects/small/ms0581b001f001i0053_sm.jpg,/objects/thumbs/ms0581b001f001i0053_th.jpg
ms0581b001f001i0054.jpg,/objects/ms0581b001f001i0054.jpg,/objects/small/ms0581b001f001i0054_sm.jpg,/objects/thumbs/ms0581b001f001i0054_th.jpg
ms0581b001f001i0055.jpg,/objects/ms0581b001f001i0055.jpg,/objects/small/ms0581b001f001i0055_sm.jpg,/objects/thumbs/ms0581b001f001i0055_th.jpg
ms0581b001f001i0056.jpg,/objects/ms0581b001f001i0056.jpg,/objects/small/ms0581b001f001i0056_sm.jpg,/objects/thumbs/ms0581b001f001i0056_th.jpg
ms0581b001f001i0057.jpg,/objects/ms0581b001f001i0057.jpg,/objects/small/ms0581b001f001i0057_sm.jpg,/objects/thumbs/ms0581b001f001i0057_th.jpg
ms0581b001f001i0058.jpg,/objects/ms0581b001f001i0058.jpg,/objects/small/ms0581b001f001i0058_sm.jpg,/objects/thumbs/ms0581b001f001i0058_th.jpg
ms0581b001f001i0059.jpg,/objects/ms0581b001f001i0059.jpg,/objects/small/ms0581b001f001i0059_sm.jpg,/objects/thumbs/ms0581b001f001i0059_th.jpg
ms0581b001f001i0060.jpg,/objects/ms0581b001f001i0060.jpg,/objects/small/ms0581b001f001i0060_sm.jpg,/objects/thumbs/ms0581b001f001i0060_th.jpg
ms0581b001f001i0061.jpg,/objects/ms0581b001f001i0061.jpg,/objects/small/ms0581b001f001i0061_sm.jpg,/objects/thumbs/ms0581b001f001i0061_th.jpg
ms0581b001f001i0062.jpg,/objects/ms0581b001f001i0062.jpg,/objects/small/ms0581b001f001i0062_sm.jpg,/objects/thumbs/ms0581b001f001i0062_th.jpg
ms0581b001f001i0063.jpg,/objects/ms0581b001f001i0063.jpg,/objects/small/ms0581b001f001i0063_sm.jpg,/objects/thumbs/ms0581b001f001i0063_th.jpg
ms0581b001f001i0064.jpg,/objects/ms0581b001f001i0064.jpg,/objects/small/ms0581b001f001i0064_sm.jpg,/objects/thumbs/ms0581b001f001i0064_th.jpg
ms0581b001f001i0065.jpg,/objects/ms0581b001f001i0065.jpg,/objects/small/ms0581b001f001i0065_sm.jpg,/objects/thumbs/ms0581b001f001i0065_th.jpg
ms0581b001f001i0066.jpg,/objects/ms0581b001f001i0066.jpg,/objects/small/ms0581b001f001i0066_sm.jpg,/objects/thumbs/ms0581b001f001i0066_th.jpg
ms0581b001f001i0067.jpg,/objects/ms0581b001f001i0067.jpg,/objects/small/ms0581b001f001i0067_sm.jpg,/objects/thumbs/ms0581b001f001i0067_th.jpg
ms0581b001f001i0068.jpg,/objects/ms0581b001f001i0068.jpg,/objects/small/ms0581b001f001i0068_sm.jpg,/objects/thumbs/ms0581b001f001i0068_th.jpg
ms0581b001f001i0069.jpg,/objects/ms0581b001f001i0069.jpg,/objects/small/ms0581b001f001i0069_sm.jpg,/objects/thumbs/ms0581b001f001i0069_th.jpg
ms0581b001f001i0070.jpg,/objects/ms0581b001f001i0070.jpg,/objects/small/ms0581b001f001i0070_sm.jpg,/objects/thumbs/ms0581b001f001i0070_th.jpg
ms0581b001f001i0071.jpg,/objects/ms0581b001f001i0071.jpg,/objects/small/ms0581b001f001i0071_sm.jpg,/objects/thumbs/ms0581b001f001i0071_th.jpg
ms0581b001f001i0072.jpg,/objects/ms0581b001f001i0072.jpg,/objects/small/ms0581b001f001i0072_sm.jpg,/objects/thumbs/ms0581b001f001i0072_th.jpg
ms0581b001f001i0073.jpg,/objects/ms0581b001f001i0073.jpg,/objects/small/ms0581b001f001i0073_sm.jpg,/objects/thumbs/ms0581b001f001i0073_th.jpg
ms0581b001f001i0074.jpg,/objects/ms0581b001f001i0074.jpg,/objects/small/ms0581b001f001i0074_sm.jpg,/objects/thumbs/ms0581b001f001i0074_th.jpg
ms0581b001f001i0075.jpg,/objects/ms0581b001f001i0075.jpg,/objects/small/ms0581b001f001i0075_sm.jpg,/objects/thumbs/ms0581b001f001i0075_th.jpg
ms0581b001f001i0076.jpg,/objects/ms0581b001f001i0076.jpg,/objects/small/ms0581b001f001i0076_sm.jpg,/objects/thumbs/ms0581b001f001i0076_th.jpg
ms0581b001f001i0077.jpg,/objects/ms0581b001f001i0077.jpg,/objects/small/ms0581b001f001i0077_sm.jpg,/objects/thumbs/ms0581b001f001i0077_th.jpg
ms0581b001f001i0078.jpg,/objects/ms0581b001f001i0078.jpg,/objects/small/ms0581b001f001i0078_sm.jpg,/objects/thumbs/ms0581b001f001i0078_th.jpg
ms0581b001f001i0079.jpg,/objects/ms0581b001f001i0079.jpg,/objects/small/ms0581b001f001i0079_sm.jpg,/objects/thumbs/ms0581b001f001i0079_th.jpg
ms0581b001f001i0080.jpg,/objects/ms0581b001f001i0080.jpg,/objects/small/ms0581b001f001i0080_sm.jpg,/objects/thumbs/ms0581b001f001i0080_th.jpg
ms0581b001f001i0081.jpg,/objects/ms0581b001f001i0081.jpg,/objects/small/ms0581b001f001i0081_sm.jpg,/objects/thumbs/ms0581b001f001i0081_th.jpg
ms0581b001f001i0082.jpg,/objects/ms0581b001f001i0082.jpg,/objects/small/ms0581b001f001i0082_sm.jpg,/objects/thumbs/ms0581b001f001i0082_th.jpg
ms0581b001f001i0083.jpg,/objects/ms0581b001f001i0083.jpg,/objects/small/ms0581b001f001i0083_sm.jpg,/objects/thumbs/ms0581b001f001i0083_th.jpg
ms0581b001f001i0084.jpg,/objects/ms0581b001f001i0084.jpg,/objects/small/ms0581b001f001i0084_sm.jpg,/objects/thumbs/ms0581b001f001i0084_th.jpg
ms0581b001f001i0085.jpg,/objects/ms0581b001f001i0085.jpg,/objects/small/ms0581b001f001i0085_sm.jpg,/objects/thumbs/ms0581b001f001i0085_th.jpg
ms0581b001f001i0086.jpg,/objects/ms0581b001f001i0086.jpg,/objects/small/ms0581b001f001i0086_sm.jpg,/objects/thumbs/ms0581b001f001i0086_th.jpg
ms0581b001f001i0087.jpg,/objects/ms0581b001f001i0087.jpg,/objects/small/ms0581b001f001i0087_sm.jpg,/objects/thumbs/ms0581b001f001i0087_th.jpg
ms0581b001f001i0088.jpg,/objects/ms0581b001f001i0088.jpg,/objects/small/ms0581b001f001i0088_sm.jpg,/objects/thumbs/ms0581b001f001i0088_th.jpg
ms0581b001f001i0089.jpg,/objects/ms0581b001f001i0089.jpg,/objects/small/ms0581b001f001i0089_sm.jpg,/objects/thumbs/ms0581b001f001i0089_th.jpg
ms0581b001f001i0090.jpg,/objects/ms0581b001f001i0090.jpg,/objects/small/ms0581b001f001i0090_sm.jpg,/objects/thumbs/ms0581b001f001i0090_th.jpg
ms0581b001f001i0091.jpg,/objects/ms0581b001f001i0091.jpg,/objects/small/ms0581b001f001i0091_sm.jpg,/objects/thumbs/ms0581b001f001i0091_th.jpg
ms0581b001f001i0092.jpg,/objects/ms0581b001f001i0092.jpg,/objects/small/ms0581b001f001i0092_sm.jpg,/objects/thumbs/ms0581b001f001i0092_th.jpg
ms0581b001f001i0093.jpg,/objects/ms0581b001f001i0093.jpg,/objects/small/ms0581b001f001i0093_sm.jpg,/objects/thumbs/ms0581b001f001i0093_th.jpg
ms0581b001f001i0094.jpg,/objects/ms0581b001f001i0094.jpg,/objects/small/ms0581b001f001i0094_sm.jpg,/objects/thumbs/ms0581b001f001i0094_th.jpg
ms0581b001f001i0095.jpg,/objects/ms0581b001f001i0095.jpg,/objects/small/ms0581b001f001i0095_sm.jpg,/objects/thumbs/ms0581b001f001i0095_th.jpg
ms0581b001f001i0096.jpg,/objects/ms0581b001f001i0096.jpg,/objects/small/ms0581b001f001i0096_sm.jpg,/objects/thumbs/ms0581b001f001i0096_th.jpg
ms0581b001f001i0097.jpg,/objects/ms0581b001f001i0097.jpg,/objects/small/ms0581b001f001i0097_sm.jpg,/objects/thumbs/ms0581b001f001i0097_th.jpg
ms0581b001f001i0098.jpg,/objects/ms0581b001f001i0098.jpg,/objects/small/ms0581b001f001i0098_sm.jpg,/objects/thumbs/ms0581b001f001i0098_th.jpg
ms0581b001f001i0099.jpg,/objects/ms0581b001f001i0099.jpg,/objects/small/ms0581b001f001i0099_sm.jpg,/objects/thumbs/ms0581b001f001i0099_th.jpg
ms0581b001f001i0100.jpg,/objects/ms0581b001f001i0100.jpg,/objects/small/ms0581b001f001i0100_sm.jpg,/objects/thumbs/ms0581b001f001i0100_th.jpg
ms0581b001f001i0101.jpg,/objects/ms0581b001f001i0101.jpg,/objects/small/ms0581b001f001i0101_sm.jpg,/objects/thumbs/ms0581b001f001i0101_th.jpg
ms0581b001f001i0102.jpg,/objects/ms0581b001f001i0102.jpg,/objects/small/ms0581b001f001i0102_sm.jpg,/objects/thumbs/ms0581b001f001i0102_th.jpg
ms0581b001f001i0103.jpg,/objects/ms0581b001f001i0103.jpg,/objects/small/ms0581b001f001i0103_sm.jpg,/objects/thumbs/ms0581b001f001i0103_th.jpg
ms0581b001f001i0104.jpg,/objects/ms0581b001f001i0104.jpg,/objects/small/ms0581b001f001i0104_sm.jpg,/objects/thumbs/ms0581b001f001i0104_th.jpg
ms0581b001f001i0105.jpg,/objects/ms0581b001f001i0105.jpg,/objects/small/ms0581b001f001i0105_sm.jpg,/objects/thumbs/ms0581b001f001i0105_th.jpg
ms0581b001f001i0106.jpg,/objects/ms0581b001f001i0106.jpg,/objects/small/ms0581b001f001i0106_sm.jpg,/objects/thumbs/ms0581b001f001i0106_th.jpg
ms0581b001f001i0107.jpg,/objects/ms0581b001f001i0107.jpg,/objects/small/ms0581b001f001i0107_sm.jpg,/objects/thumbs/ms0581b001f001i0107_th.jpg
ms0581b001f001i0108.jpg,/objects/ms0581b001f001i0108.jpg,/objects/small/ms0581b001f001i0108_sm.jpg,/objects/thumbs/ms0581b001f001i0108_th.jpg
